id	z
4ac19fb269	306
1825fadf99	157
f59821d067	305
5b435fad9d	503
e340e7bfca	783
2ffea0c397	429
6cf284fb9e	600
d0244d6c38	51
cffbfab33b	755
e82421363e	68
9090f8f97b	253
778a92f420	476
57e394bc67	765
1efe1909ed	143
8d89d465fc	529
211fc910da	336
b12a5a2b61	475
28948eeb9c	306
28f6f52c8f	317
211eb21702	188
4ee5d2c629	421
fe9e558605	535
ac1ea6faa4	635
380ff30e30	892
99d7f0c538	500
c3589905df	236
16e308dbc3	313
48bb098115	649
07ac7e530f	638
6c4568e51c	364
2f3eff4192	262
9b09626522	722
691dc0bc42	453
e875c9a960	576
25d24d4554	587
64baad8029	791
39a05bf91f	749
2787bfe603	832
a849a4e373	480
4ed12ec89a	526
e7ee2c6dce	669
3480629331	423
2c45b152f1	312
6b2f7ba83d	518
4ad8a63538	82
de091953f9	694
04e7e791e2	391
2d3c0a68f9	623
fa92bed2b1	810
eabe9337a9	540
c385af3da9	270
6dfaae4996	424
730eee262c	362
81d37cb5fd	321
efbfde4930	649
a9a9fb1747	369
1263576548	398
ff9b7d0d2e	332
f4784e4f1f	172
290e9d9748	784
368767c9fd	261
8b09c914be	590
91dfba8133	610
a88dd59036	535
46b7364b81	451
68a2df3195	555
73a2f6fb22	642
3c2f5ba174	537
9fff0319cd	490
6cf6889e33	784
de7202d286	518
9f96821d81	600
b3ad13d9e9	131
b9614348f4	429
36aa21019e	482
ac412e6d55	555
24cb80b5da	467
e98557c9f3	492
99909324ed	67
c023a62b96	819
1b61e02423	548
5edca1bb89	368
c29c36a1e8	432
5378360450	466
ed46821aa5	656
54dd074cd7	738
05be526826	308
f2259e86f4	381
0adb490de5	521
d289692ab8	321
c38e2a42e3	618
e3b1b48b5a	660
d97f94a2dd	659
691fec8ce2	434
0aabdb423e	806
930183efe5	489
f87154ea7b	460
8b5232fcfa	772
3dc4b77bb5	368
35ba6f2faf	596
34205cc12b	606
34bfcfa11b	367
9a4864ff06	551
acb95dd7c9	122
c4911615e1	98
3c10a71f62	328
d3be640ed4	359
9bc9c403e0	656
2bce09096c	338
bb6683a533	626
eeecc7ab39	499
e2063ce131	558
db1aa8e608	348
03c9b5ffe8	819
481ed855f2	551
12a953a079	121
1ee0d5b4d0	307
1c0b2ceb2f	71
8b5d38c547	574
7616ee06bd	389
16cebad726	476
c0a37fef54	850
e2d3957c95	579
e172f09faa	427
4766b51055	640
9b585a2ea0	743
3c1097c378	286
71d7482240	601
5ecf1f5cb4	273
65dc362682	934
44d745a704	307
ac03463615	548
c4b4099179	270
2067c20654	397
8174aba668	584
74d53a0d53	369
762f01c185	113
6dc7a51dd9	377
20ed65cbf8	134
063cf2a23a	335
0530b67189	437
f4e6928ad4	720
255e6ef6a9	947
04711cb760	721
d768234bb5	489
c353af5098	757
18ac660fbb	407
c82f7676ac	414
51d1696054	687
60584b31d8	227
cabe5c94b2	304
c4ee594685	296
2fe4adfd48	813
c7c3a8a806	532
52ac7bb4c1	400
4329ab8cf6	260
1d9bc2591e	594
7e7276d088	491
d7f48d294e	629
0df375dc9c	746
7633c6bb70	455
8a2dc90df5	198
abb1521de8	638
e0751c41fd	582
48b63017da	844
d2f131dba8	848
f26e6cffd6	182
c5a9c13a77	638
1a8a17f220	120
3ee87f1ea6	219
3b2f902ec6	858
e2810cc777	810
306e6e7743	508
a9ab1afe01	256
e6e3e58c43	448
22398d77b8	560
b2958f2747	821
48d81e93d9	221
891fa63295	769
1e4c96a9cd	562
b221ece24b	529
3984ed8d4e	392
6457057cec	675
8e13060816	164
62df3565cd	488
17c5d2464c	528
71a31f4356	565
9c4468a160	739
168f625d62	741
0389fc6012	391
628f1de539	435
1b6919f87c	655
09b7182dc5	678
38c0d9ca8e	394
25e519b494	788
ebe8198105	638
de7af15747	810
9842f69f8d	907
0bed5f2ace	460
519cc2a871	195
c00c4b8814	470
fcbc5cef9d	660
103713e20d	718
bbfb2201ce	751
9ccf50ab0e	110
1f1cc6b3a4	745
62d6a9b673	115
86bc03a8a6	845
d204ea9f09	397
c9ff0d072b	286
8718d851c6	416
d66bb0c151	536
c82ae5f941	706
fdb7d132be	634
f8f7ed86fc	239
81ab8c6bb7	639
4b2af55ae6	841
6a29fbd74b	544
5343d4837c	700
0401ae15d3	457
7d14f8cfe3	469
a562619124	179
938d11586e	449
2eea9d51a4	105
ab7d09443f	514
6d55cabc8d	157
dae96d99b2	126
32afbf53f6	800
3d0f8c81ce	288
bc7e49ee18	746
85cf79a2cb	628
b24d3673e1	945
2444e83809	696
d62ad254c6	493
109bccf6c6	490
b5893fc541	578
babbac4cf9	397
bd4f797d33	313
4e86258646	333
9fe6cf976f	661
2d8a3a262b	455
216aa6275d	637
3cc59342bd	386
e2e4fcf83e	798
05be75afd9	708
d175b3b3cc	491
bb9af788f8	642
9e7d89d4c0	668
9c298b9575	373
db75c6831e	525
eed279a71a	339
ae61c09508	250
1770691c51	813
5701bbfe46	303
5be9925bca	642
a32a4a2256	506
b8236d92ff	236
03511989ac	434
4b522e501e	311
8ab2399b4a	521
9c5c26e2ba	639
253ee294d9	340
6738d474a3	84
c7ab9848b9	338
e82b7a2abb	115
60638605b1	753
9d173ec22a	599
95a87f8ad9	108
b7dc0d87fd	258
e099e54eee	458
824152cf1c	292
58789490d6	109
df32c11fe8	766
1d9f4e875a	740
351ea99ec3	415
93b8ec180f	559
4279e747a0	520
5936740d48	121
659193a103	629
f5c2e66754	790
f646560aa9	938
6ddd6a2ec1	455
c356f76804	638
8dc946b34d	449
84723e7793	437
c56524ded9	316
f4f0fd932e	301
ac64f9de3c	758
9ca520f895	784
fb14beb69f	475
21ec084221	128
802df9bb5e	535
0280db420c	433
a21afccc50	369
340c808130	660
0ea5ea6946	142
1d0c2fa004	611
2f5377ea9d	845
ffb2ad3f94	715
a6ba9b9f91	651
ebf89446f2	392
7ba58ee1be	378
27efc3195e	422
a00d2b180c	584
069035a9b5	514
761eaf3fa4	495
d145884178	552
9d5d4bf0f1	604
86fe531971	766
429bf7c665	727
29beb70925	680
dc4a1c9a30	275
51acfd1399	596
64bfdd0b9a	600
14c6a2d399	597
89e7c93d0c	301
3116a9d54c	887
b92ff69b44	243
e1984bebe3	631
f425a67987	554
7c41f727b9	956
87986259f0	122
f3356c9ee4	595
26808abb2d	310
08640ede7a	723
0a0814464f	665
665e84dc42	273
e6ab700d15	121
9eb4a10b98	581
d885813aa8	510
1c78d88cb8	304
417833daa4	393
7e58c5a1f6	398
19e749d0b1	193
3b05fe7a3f	639
623565cb2c	868
ae51614513	624
fcb49356a5	91
1f6afee5ca	379
4edadcf4c4	391
053a6f6704	559
418a13df5c	539
99d3fbf9f1	204
bebf415bd1	232
e1009fa370	451
0f9beb1453	547
5677f991b7	317
16017c8e02	90
2ebe2eba03	423
751a212e82	362
b448f0fae6	467
960f92cf81	848
45b5f91d83	582
2356ec6570	334
fff6522bd1	431
badc44bb99	746
d9a52dc263	609
b06fe13f54	749
7fadb8efe8	678
34bd0facd2	490
e929ca0e34	776
020376e68e	721
0c19639aeb	677
3c1ed5cc1f	555
c571804a93	566
884cd7af00	346
6f78817a2d	485
84e305da04	502
37df75f3a2	206
04cd9599a3	480
3598c246d7	477
566ac48e00	137
86c675c4fb	678
bfbea83faa	227
6760543d8f	151
5155ad847f	729
7b596fc561	329
bec8f132d0	881
ca6bdbc405	337
ce06c157c1	214
e12aab98e6	353
ad29bc8923	681
a05ae39815	337
502b97b954	704
6ecba60505	752
0eb52aa52a	659
16b2119ffa	558
7e5cdca0b7	502
66fed16154	114
d6cba9f9de	528
a898892737	620
9126bbe228	609
1b2daa0f13	683
d0d908374e	717
9bbb4c7c34	469
57293a65d5	554
78c50b3977	812
53b480e29f	172
a6f4e0f8b5	621
2ae425e5a3	340
54cfa66336	767
1eaf42beee	802
8ce5996371	447
b10fa280bf	291
da94055b53	135
01c033e116	494
4161f35a4f	522
e353ae4dd5	693
813d6ad4ba	383
287b0f197f	294
d67e3a11d8	585
7716aa7b58	311
d7215eb198	793
e0fb508d51	863
055ec918b9	421
0e53e6294a	537
3228f203a3	590
8d9b8d724a	216
67a8e23baa	434
503aba826b	496
b35b1b412b	737
a245c6d001	849
78b2d05419	613
ee0be71990	194
67dfa4bcf5	340
e3349e2125	465
56d025f76c	827
44ccc2d846	913
aeb36c1964	515
ee48914076	585
613fb95edf	616
3ddb2ff7a4	835
89dba191b1	567
308a9348e0	296
58777a8c79	332
c8404c2d4f	288
1313dbf1d7	654
94c2d96e56	172
31a4341eb6	754
13037dfbb2	670
0cf7155eb6	464
91127f8cc2	780
4c7e3c71e6	761
bab30e51b8	333
6b5b7c0ff3	739
42758bb41a	259
d7cf3bf4e9	465
a05da102a2	503
b0a18e86c7	221
894d0e63f5	553
e3cded005d	662
86365721e2	480
bd20d18369	513
c2485cb6c3	605
9c08332067	652
a33e7de189	798
95af8ca744	524
a8bfe7072c	811
66cf41c563	577
8d73c4f678	928
e5b47aa145	577
16a9609841	618
14c16f99d5	415
13483cd62a	472
3ec0423139	753
65e01bd65f	464
964030c032	612
d0cd29a61b	480
27de423ad3	630
ab72556c51	492
c4f2799234	188
ac90c088ee	202
312c4ce754	304
f7e855fc40	431
c78996aa02	266
72e05a5a33	486
fbc9a1149e	513
e45c509f80	339
dae1555fbf	707
e335542c17	505
60698e8fd2	266
f41a025b6c	149
a653a50dc4	198
07a81dccdc	630
2eca5f70b1	406
ef51bbcde7	712
fe11d93a24	670
2da763222e	655
c9695bff51	171
ef654c1b73	946
7019c22c5e	737
868e7a70ae	286
967d30a3fd	574
08dc3c9a23	588
30307d5103	444
0f9b1dbc3f	330
734df57cdf	291
ec88937127	713
b07d4da735	236
e5a8368ee6	785
b9fe322e38	630
b1dc23a427	432
feadf0e85d	462
8620f40403	383
f362d474b7	533
28ad4e60c5	634
e86361f5d1	541
f057258486	263
c2e9f328e3	481
d991b7a689	525
3ed6168b22	542
792929a4c8	251
93196366e1	621
94b4f44698	526
70c8e14243	544
99b602dde4	234
396ae389d8	825
d531fa41aa	315
d2b40a2781	587
ace37eaaf9	814
0c6ec35477	445
59944f0f92	522
d4d964f62d	217
7db7a5fb8f	455
19902af6bd	578
9693c84080	434
ee7ff3b2fe	494
f57cb32d6d	296
7ec97427ca	466
9917602913	494
f1d488759e	778
466030918d	411
8d08955cdf	752
748f8f4106	302
d83a74a082	596
eec46ec66b	204
30787ad7df	373
3cd4d01b7d	605
c202c25557	503
6a105e7555	303
7cbfebdf9d	432
febd1d2a67	211
5673036fa1	787
b172bd2032	398
085e7a048e	270
b0e479668d	617
e813f3d1bf	579
843e8ec44e	351
66cfa202e5	508
f2598805e6	703
7c9c98aa11	629
a39388bd3f	372
27b5526adb	702
07bb074759	478
2f20c083c2	408
0ee8a744eb	531
47398efeb4	463
5fe599e1a5	95
021494f3aa	345
8e7324c8ed	383
edfe5ae3ef	232
28df927e87	340
1bd1c8c771	441
c9f7f4020f	378
5108785aaf	373
7d5c34a95a	492
1435d5602c	712
e6ac2a35cd	506
8db9dc4a62	650
f44f67efae	567
5559e0ceab	584
f43f1e7456	776
25f2e30c66	232
f9645c1acf	628
6c0a545d06	538
e1323691be	713
7e67ef84e1	722
1f3299c2ba	601
2f00b33427	260
437fbb64d4	657
cc4344175e	677
9a4db0d7aa	802
fff4eb4941	693
2f493f72ff	541
7277ef5fef	556
a446aa0ac8	834
8ec207d7df	342
cfcffeda9e	671
22b0774178	469
1d955f8103	709
df8c73e52b	339
4e47ff086f	458
8d839a365b	461
72c2499de9	535
17a6639049	602
be1f425eac	397
9385125b12	266
1d685060b2	432
594712691d	466
136af05158	424
b63b23fdc9	194
a89fc2586a	429
f641699848	552
deec7bb4d9	263
50290e75f9	658
de1142326e	446
7ed79f8f56	789
c7f54785b8	297
14dcf18fb6	599
9c30bb0a5f	232
707f14c59a	790
6baf05d61e	675
fbcd92f03f	417
22e7cc183f	512
999ae650f6	672
212f074587	444
697f80cece	154
9737133eff	104
575d24d81d	843
b194549062	909
7a6d32bcae	300
3a068284ed	431
eb38db5443	442
09f0f1f414	392
457d5edb4c	439
f9a3d103d7	808
84af757738	281
7c2609c66c	88
019afb4b4e	685
6cafc8475b	828
0f6e788cdd	678
a58d3b12bc	221
e3755d5769	228
9a6c280d8d	701
bbf8c7968a	398
70ca8ebf7b	702
bc5382bc71	470
be9ce6a9d7	294
3da64841d8	532
97515a958d	82
89ad7a93d6	362
96857148ca	444
24e98d224a	823
aa56279e8f	265
415eb5b72c	558
b5e1371b3b	325
30cb1002fb	527
675cab373f	645
7f5914b74a	850
57e0cff707	289
d4e9588d7c	377
4f3368a855	682
58f752db3b	417
deaa0ab2b8	570
809ce44053	242
eb4efc4c39	531
7f826d312e	406
444c32935c	807
f7b1bd7c8a	323
387aa87ae2	541
443985b709	667
abd889c82f	563
14a89a1840	343
b8f76a8e5f	428
df56e7aaad	458
47bd268dcd	347
27c035c5ae	489
8e280f2c87	515
1937cfedc5	517
81c77c1b6c	386
1821c518da	674
8d9314a9f4	846
b33771a471	693
2fa330e8fd	252
1cad8c327b	613
ad6fe18943	534
20a4dad0c1	595
885c2a90f5	533
69bb149e2d	222
e7e9165d9b	225
7c0b76979f	117
c5c4479af6	174
23e1bb3ee8	484
e39f959114	732
2993a272be	442
0bdd44d530	445
d4d34af4f7	114
690281a93d	583
c1190c9c37	345
2903f6a1db	520
d1f8ba2f02	378
962348be7a	660
ff8bf1417c	90
287d035464	693
10f24c23af	323
28f865caaa	147
820c4570b1	568
30badffdd5	685
9bf982cf65	716
bebae78c6a	887
f5ffe74512	600
d06f237a79	601
b1be1fa682	95
33887a0ae7	723
a56e87840f	98
5b86544456	277
ee94d2281f	717
4ebed82264	302
5d7424eab2	282
9f224c71b1	605
08993551ae	719
44047c3e10	735
75c7d3b5a8	199
b6ebc3831e	155
99f52af0ea	653
84e23dba29	576
db819c45e5	628
6e1bb2e64a	668
1790f3520c	756
8db0a68a4c	239
595deae139	655
4d1efb19d7	570
13209940d7	475
75d70e2411	530
94b3a9ed9c	831
6698a570b8	397
877d1a7ebe	746
5c9326f1e4	818
7e26f45eb9	770
a8503e0dc8	755
95f6e2b2d1	141
ccfb270edb	503
08173ef66c	391
20c99dee06	675
268d39db25	631
40aaac97b1	551
fb1e8578cf	580
f7dc2b2c9a	834
c80f09bee6	546
d66e51d456	816
f52c144f24	391
a1e32a6815	549
bd51537256	592
0fcbd0567b	789
e683e8ae69	652
5cefe5b52c	176
24a38972a3	106
20b26a6ea7	496
2226df3ca1	745
19bd49e478	758
a854446118	655
f807851f5a	251
e082398595	652
b0a2fe2a63	561
b6bd6424eb	368
548887f17d	525
89097ab99b	671
89a74723fd	472
da0f021c5b	481
6994342067	503
d1c9be7e25	437
c1c5602088	778
4a12baccc4	566
ef060b82b1	823
087192e2ec	797
0cc3c31d1a	235
dc0119712d	458
0be923c49b	354
182ea1798b	268
2f917b1124	566
de08c5a3b7	335
a3e89a273d	663
131ca4b83d	603
82adfbc0f1	130
27c4850501	721
c749d05181	761
903206854b	471
a803fc87d1	336
e7f63a219f	629
5c87971507	867
f566a7cbc6	301
44c8aed146	430
b012e9ebb0	601
ce1f9711bc	762
ce16b0d0bc	333
6f438c26f8	206
38a15dee44	717
f1b1f57aee	421
5e58ed4adb	344
adf2a57778	702
21d01a8e82	264
c92c37ecd7	694
fd5c3c20d6	659
d6471dc0a3	353
1a37af90c1	136
76761b2a41	548
9fd1beec08	781
1b073494ab	624
5bffe3b52f	804
81e9af5ee2	814
a43ca2ef73	661
bb2160921c	191
cd5cd074f1	378
7aebdeb9a7	281
83bb4578eb	386
495a2d3c7c	470
ceb69201df	549
174ebb49df	441
0822e176b2	794
fe801cdc47	706
1af44a9db0	522
a962f4c9b6	625
85c191c52c	691
fba91bfec8	581
e51599adb5	192
2d20ee4eff	711
376e55e566	657
df344e0599	721
e88b8de75c	219
29c033e8e4	431
0937b1df3f	274
4d04dcd959	537
994af8ec2a	830
3c30b8e27b	565
3c1d07fc67	882
16589f0702	705
40a7f422e2	623
7dfdf6eeb8	951
d0eb51a04f	398
a32b0d0cd7	510
057eae4f34	360
3f22f2ef0e	695
6e691f1825	177
135ae076e9	91
486ae46ba0	632
9895f188e8	457
0ad38c8f25	623
e799fcac15	783
af0e101aae	659
e11123ab8b	548
91b91fd79b	274
026b509cd4	150
17d70fee5c	454
843447abe4	576
b6bca345bb	610
851498c095	269
8d3ee9356b	528
01323211a0	577
6cb11aa807	512
0ba541766e	701
9f3b8d0186	469
4c7f2b2c18	516
46dd77ede5	217
30cc3d3982	799
d9457c3b1c	567
66ced55b7d	455
97bd8b22b1	682
ca0d3ea2f5	637
a149b73993	366
11518835a4	644
49f22705ea	549
f6a89b6f89	590
849ccdf3af	757
cbed0283ff	548
5cb2496125	99
b13f0dbc84	704
3de0c773e1	324
f4638e7428	257
99817a653e	252
e8f3e42b14	679
a6ec5aa914	831
c23090da64	376
71d3bf0ea8	803
3fe0ac38f0	385
1c3397d0ef	389
4319885cf1	719
4015200239	376
9d98768f19	791
d12d5894b8	716
90b1ba3bb5	796
35f3cb48d6	415
ddd0be8fd5	88
f409d55fee	780
008a50a2ec	524
ede36de5cc	483
b8f92fbe45	356
17dde2138e	649
3a5e5f4202	198
d998a07370	655
937ea43a65	343
87d58438cc	419
71507ccc96	387
1804a4c064	713
18449e54f8	553
c2ca0ed857	597
7582c0b2e9	673
87afd4b1ca	668
88839f49f9	618
70cef9fcb6	770
4654389112	164
578b502c6d	578
1306fcee4c	177
ee3b4b8c91	586
89165071a4	807
894b9ae774	848
1017084680	512
17113fd0bd	689
dab1d67df7	674
cd5c9532e4	630
547c9d83fd	206
1019e6ed47	300
a5c4007b7b	326
ed60e1c64a	471
65aadb6f53	372
a7a87180a3	502
c9c0097eff	595
9472731dfd	568
590f7ae6e7	227
bcd1e64c58	470
9067effd34	870
18c4cdefec	492
0ec68b2e42	635
358b9acfb5	705
bc5ee94de7	128
2f2e86de0b	671
fbf5c91d9e	690
19cc342b91	344
9747413253	472
cadb46b378	769
09e29fbb74	288
8d2e68312e	743
fdc1ac926a	795
5717740aa6	458
91ea3f1227	366
9b31db4e58	779
186edd93a3	595
0f02cec809	453
7f01757d4c	602
430ef30e87	639
44425dc49d	342
697af33de9	354
17a8b7e7f3	545
b07fc3b87c	356
3ee1cfb6a6	146
9e9ce2e1ce	862
ac460261f4	836
816c9d6d5d	666
0c62dfc234	746
4bc87727b5	305
2b2fc71ee1	251
a07c1fd090	343
1f805e4733	536
d468d401ab	408
5ec4b8eff9	705
9f54d7807c	578
36ad52a2e8	544
077cb8696f	240
3531c9193f	405
4b9b8c2e44	557
0f762f2746	427
2a9190ed84	393
75efad62c1	468
05c33e6854	661
d17eee846e	605
41a4f7424e	371
9b656c339a	522
b981d35c43	598
3dc8ca137c	450
16bee00afc	409
a91bd88bc1	378
e02ae4f371	245
d2aa4238f7	819
c37e74bffc	705
85fe62d2d6	454
3687839ecc	767
065ce5590e	765
90f37a2a28	490
18ea3802ca	432
f170afca54	417
ac7df612ff	614
fbfa863bd4	374
0f9977b1dd	106
abe36055e8	342
6c45d80d1e	334
f5e72111d0	133
89dfb7ba1d	547
505483d249	573
7547289453	382
4d7b42314d	394
d1857e0577	500
b6f907680a	108
676d100540	655
aede306d15	574
ad0e66eabf	392
10e835f9ab	614
2be45a7fa3	851
52fdbf981f	616
675fcfe29a	656
1804b11f9a	532
7f9f13c0d0	500
75e041fbd8	668
e53c2e8771	600
7488e076ca	302
85bca2aade	436
84242f42bc	756
2a5805ad13	145
a633b127fc	781
b0a7056a04	512
a5eedd418a	178
de5a329823	631
09b9330300	842
e7a5e5e55f	227
800daf6ac1	457
c72c5ee731	220
65fe1a0efc	312
63532a858b	490
d538594e14	107
d6437d0c25	291
e9ce8188b9	740
1da21e7498	579
63193879b4	127
d80ead8703	387
b7c462dd1c	707
b521c9ddf3	609
4d684d99cc	324
e0dade9896	277
66c61616cc	690
9ca1ebe351	376
10a1a5b78f	526
06289f69f8	644
ec9ba7900d	584
8c976149d0	648
b6aa5c7ab4	117
f724f78b1a	706
a50ac7d1e2	513
64f41e36f2	697
c58b6277c7	687
9e9f3940a9	405
930c8dd0e4	604
2e8bf3f7b3	687
934cd14205	555
53c79255ba	622
18d013fced	520
bcbe3c0ee2	419
05f09b380c	660
921b60e76d	215
32f4fd66ae	655
e1bd09e50b	427
c78c89577c	236
77420e5628	276
4a5dd4ab45	209
f2fcceee25	731
060f14fcee	480
1ac058f0a4	525
06d3201dd0	510
00cda0328c	564
fcdf2756aa	691
2eae73b03a	726
572cb220d2	635
ff532274cd	380
a8e5845bf9	663
ed20d93bfd	769
22fdf96a54	631
821e0217f0	673
db548fd037	596
d3d19422ca	544
8daa7e48d1	149
eed6c66da4	111
c026a17632	588
0faaf196b4	450
a4c734f1a8	224
1b5a148cd3	820
61b42f8f0e	339
1bebafb9f3	300
23a17b87e7	564
5e95137d5f	308
e8d6412ed8	383
3501da04b2	271
af84304233	261
74f00bb214	743
36b768bfa7	340
64e79513a3	341
1ad2135efa	527
848c9d1a6a	590
7134e4acac	761
359128303c	436
4a8d55bdf5	720
27870bb184	425
b112d9993c	483
4b0bf2f4a1	450
36f9ab3ee0	471
9ea0525027	142
1a72cc3d3e	632
58a51c861e	645
31d35c7c1d	494
0a41de5e3b	449
ff89e5e3cd	340
7e9e46174c	247
8164beeaf5	386
886c96ffb8	583
5081bad441	554
59597a8431	568
ef6229f0db	810
32273eef45	435
6db821bf5f	842
7d0cea3489	407
a89d1999ec	260
740e4ce45d	318
6c793e5879	174
7d8e29261b	433
4db68c7d25	792
3c9931bca2	706
cb2c20898a	798
7a25e51377	729
114d62da56	458
f78361aa48	606
2fe0292eea	422
40e8e14e60	723
b96ef7e302	578
a291ef5d83	728
904f3fc07a	792
b8525600cf	749
83c0564224	108
c352f6069b	530
8a58fe70f8	952
4680bc7373	683
2a6477aee8	290
bf73cacab5	427
b09f0e743d	688
e4d9d1178c	382
ec7522391d	718
537f18bd97	501
e4c8dc59fa	253
40fbc03558	419
3862950849	481
7fc1ce1cb4	234
b9c2f9550a	664
ab767aef7f	659
b9fd9429e3	516
bb455284f1	550
7b79d341cf	596
e045664b46	612
33041df256	835
8329ec9395	625
ddcb1ad560	738
314db606fd	370
e51bea30d0	454
7d8b219e1c	668
e843caea8f	260
4bb8260218	94
3a7bbd73af	82
25a9f40814	637
e63196d890	511
d422a9eb8f	662
05d9351a35	304
fd998a993b	466
01c2045d03	640
27f6632fd1	278
5f1df5e4a8	385
5b2282b51e	577
5a6fa22207	382
c33faa5d81	620
7135ca553a	128
a7b1f4bae1	203
bf00a0ab71	582
b15313d4e8	844
e5a22d144d	520
76d080ed6f	494
77ecd76754	99
bc3f2b82ec	440
f0efea3879	679
084d3ed9c8	317
8d28e714e3	336
c8d70d9c3d	544
43001d32e7	401
ec406285e8	635
a6c2605919	520
46f402dcd5	410
212ba67b51	279
5c28eec331	351
7d48474434	577
02206b234e	828
941d0865da	164
6397715bb4	439
3cb59a4fdc	603
0b176124c4	744
f6c784904d	639
1267729ffd	663
f85054273a	406
40bb5a9cbe	432
774ee8afcf	484
d47c78058a	524
d5023a3662	444
df47f2e681	505
a4e90eef39	463
7e5a6e5013	841
7114209cf0	593
a19dbb48cd	296
363a171d90	542
c2395da60e	188
09152018c4	916
f7e555a0aa	617
7e737a6cc6	557
7b4ccb8113	794
0c600207b1	690
c9ffc53f25	620
93f8f9e663	471
aeebdd4350	836
5446a64ba5	498
80363d0458	315
894b5b40af	320
b461a5b584	365
7ce6463bc8	432
974f5b6876	678
dcca0c8297	428
a8e4e6ddec	590
08bafa2eee	465
7572c78534	418
0d3b5ec2a8	516
8ca104baef	297
8f7b7b9980	478
ac6289352d	96
53de66df2a	464
03be56aa9a	697
89ba98210c	197
04c48c9743	394
02d40993ab	610
a15b73d4bb	429
56ac5605d2	245
5575337f66	445
f3fb95295e	541
debe560cfb	504
e24e9afdd1	232
af71ca4ab3	302
6dba47cc58	692
aba57f0f2c	793
52914952d6	438
5c33b65396	484
571b14e631	509
51e82eaa5b	230
39dd1c43bd	788
6ec6e26ddd	590
60b7303d20	213
cf241124b1	616
c0ffa90c4a	467
51b639314d	318
158765ed16	330
458a05615e	312
8daf098aa9	594
cbd42ee63f	101
6da04e4c20	705
393048bc6c	107
d465b396f2	509
c20c019650	349
70e9442b06	951
5e09ef27a6	543
6306dd3a8e	805
39a5b5f33a	464
71438f26ec	947
78be8270bb	284
da5ab3d506	83
911f05128d	801
9d23bc70b8	724
10833853b3	184
3fc79d2ece	253
7d41b0a6e1	427
c09f4e95e8	635
1401f04c4b	743
52a0f74bfe	310
54629440c9	495
8201005b79	440
2fa889172a	626
702209f0b3	756
31b1314c62	330
876e6423e6	882
9447159eb7	275
f115ca6981	158
263bd9dfd6	370
df8caa8bdf	318
f870e41e88	426
7568a9474e	210
9e966d733c	201
3edc3edf92	330
9fdb6afc56	304
4bd876a71c	306
5e350fa662	441
dcca025cc6	324
fee35c9fa9	496
a18073f2a2	407
75c554378e	569
4514686882	379
f454efbd20	655
17972a6517	813
b540435ae7	923
849f39dcbe	874
d583d291ea	353
2f8b36c386	209
640ceb328a	612
c9a2990f76	530
73a4c6a4bb	518
e358121d19	371
e4159ed1de	520
b8c3ca0fab	81
6d17d3be2d	516
628ab35fe8	567
4fdc882e4b	955
963210b127	421
36bc8044f8	674
b45ad3932e	613
aedad85e8c	392
0deadce8f1	478
2fbde8630d	538
98f91cd1b8	157
e80ac14b0f	247
287aea3a3b	452
6d03f91961	242
438443e0d3	316
bdb45f92c7	193
3c35e3ad94	807
619edf8941	625
06523f9719	572
3a3281b37d	387
4e3ccf37ee	643
2380664922	390
6285015437	164
68d9f77646	646
b4b225aaa8	502
5203d6e046	379
00a3af90ab	531
728917ca07	592
a37249665e	89
d944700bae	348
5d600057f5	310
725a0ae373	264
6dea52e54d	352
c1f92fd149	220
e61d42e6cf	365
90a57bacf0	488
b04c03e3d4	347
7d963e0f5d	551
b39fe87a25	789
06d21d76c4	82
efc705478f	498
ea3cdbd7cd	704
4eccb0cb9d	110
1c6f7aac78	130
9522339a9a	337
7aa7e1b355	498
de51e77a38	424
7b5d5d40fe	362
0ff9f243e5	566
a038a2d781	389
4989c6509e	735
d0e720b57b	73
2da8da57e1	387
9b450671aa	259
a8be31a3c1	266
b9f3886670	763
7ec64d2b8e	339
919157e393	652
a0c156a4c9	562
b9a7c521ac	811
08f3346b8a	307
60b3d0d613	203
17e67f9ce4	807
62e608259a	109
de95e861ac	251
96aeb8d018	336
4b873df7a2	603
6150f39f8d	242
a7a124fff5	825
92c25915f1	484
97adf32d4d	590
553733b17b	442
143eefe05a	285
97a653e83c	301
26ae98fddb	264
0f4637e4b7	218
526d63530a	345
981f73e811	429
e37a3da5b2	480
bfac8e63cb	788
098c5f3e75	457
1751290ca2	737
fba32825cd	722
fa3e7cb3f5	430
5f7c5c59f5	674
9c3383eb85	789
1b9865501f	180
e0c136dc8e	366
52aa9a9703	744
51e8e6bfc4	271
d9fb5b47e2	176
79fed5a697	706
ff238df1c4	700
8e2e3afdb5	572
58edb9b58c	515
58de316918	901
457f80b1c5	933
4d9b845652	309
0ece337a15	356
d7e6e1323a	730
0f7aa746d6	314
d553c91194	445
6153c227de	550
590e32af63	631
fe6e74532c	732
7504d73df8	462
1b71d67404	424
a6625b8937	944
ca84b9e8d4	323
7de09d894b	297
0e63d9a8b4	515
b052410a6a	673
5c7f310937	694
dcbb6474ee	629
668b41c03e	659
8431a87cff	635
432b8b6a71	642
7b9facc0aa	462
fa50e86a72	511
b858ccf692	802
8b4189c2a4	222
0280deb8ae	363
a86acaf330	206
47fd4036e7	354
34b32c5b5d	767
e880e84886	661
1bf062bda2	921
3c2ea1a63f	847
e060d5ca41	506
269b6cad0d	160
5d6126f459	623
9d7165c9c0	661
9053aa6508	175
fcce81906d	659
4d9fa2d97f	544
2e69b6eb16	426
fb47e8e74e	757
66b4280f4e	572
4b17d5fb8f	667
d18a64f984	76
1d7a812c76	618
9a71e8563b	184
dea0a56bab	490
2af3c055b2	502
078f36a006	602
b6c52b4a53	685
fe0ff502fb	942
699608ddb7	338
3fd0ef2d38	660
b40457631c	813
726a0d854d	846
54e2419450	725
875b087f1c	876
aa791ce59a	648
95d3841a53	746
c60eaa0c75	402
75fb579aa2	562
f1395b9e13	356
6aff151236	700
d46c133c20	589
7e40cdf1f3	746
bbb5279a06	782
5bf5d82829	396
5fd2a3ef64	771
4875705fb0	797
fccf774196	809
29162a3471	683
d3c8980685	426
f456e3161d	584
3d6d400816	801
5aa0015d15	54
a0729c7a02	490
8686b3a5d4	715
4630209118	702
5ad4b1d1ff	592
5c70da6c2d	327
0762a99eb4	561
782ae9b7e7	677
a774562f5e	282
aa1cd9fb71	319
225ae42209	421
808cbefd71	112
a69586db4e	569
9f07d6a050	340
6c61beb5dd	112
a4932322ce	546
2ecb2b0797	390
c43b8533c4	150
0c376f6728	366
48a18f5386	638
687dd94fee	813
de15d35ebc	333
ebdbbb52b5	405
17be1887b9	383
886dc2e534	357
d35af24206	782
728890d8f8	548
543f5887a2	491
d2bd2fe97f	761
ff1e8ed948	611
1931feb9b8	444
b2d02516e1	816
bea9b0571b	366
0a1742c740	282
43ec939286	283
71f7425387	944
11bfb46a23	515
2b39f9a88f	91
e7f0e30585	580
b4e61836df	603
fc8f0668fb	384
2556c23489	655
1167a2bec9	152
80a458a2b6	94
9ade7d33f2	831
a33ef5ed68	646
fbc98aedc0	208
c0ef23e386	686
4a27de03fc	238
6c91546a57	220
c1c6a1ebad	89
9e64fc57aa	516
9f4471dcd6	884
390355fd73	417
d6379c1f18	661
7a2eebff84	772
cf11876547	518
223e0c3942	598
9874f75819	507
fcf5137a10	129
d7506a6a38	757
759b3aaa22	249
6010b9b84d	142
abbfb56731	555
d71ca6d32c	351
7410f440bb	442
568d119e66	365
83558aa4b8	527
c901f669f8	511
670d9655d5	464
5a02df7676	564
c038f6fbe4	735
e12cf83477	742
1c20fc4477	239
452b06b003	681
29a1b18e79	378
bfcd0fb5ac	276
fa01eb7fdf	819
0429d9759b	737
395726930f	613
77abc5ed21	884
b92b11b3a4	213
fa9da6a455	94
812c804456	413
b942b38a45	802
1f33387a8e	778
a3de137406	529
a5c6cde207	614
a0219e8fa4	579
57f8b13094	578
50d3073821	810
f0c401b64b	625
0b9cb1205a	437
6138f82415	467
316074fdc4	776
7791af3409	204
db840e1e22	493
eec5e72dad	846
edea91429d	649
b4f6d6f1aa	658
7588e9645a	311
aa9eb3a110	359
8ddaea54ce	452
7db9b53d89	406
cbeab7807d	573
4ce60abe5f	807
90791c2417	577
0829b44678	801
24d67576d0	557
ad5454050e	397
b51c130238	552
2615b5210d	739
8cf3a6a6f5	743
55a49950a0	547
653c7e9f6c	642
96cc5caec0	857
5a6f57c150	210
3004f41177	313
a568cc8273	626
ed52743a1b	277
d21e3d7843	442
a317a82463	514
fb903c3b68	646
8978bc57b7	390
28d42de29f	512
29ea4f92c3	526
c20069b110	231
59b1bac5d5	550
331ec135dd	474
455d05742a	214
ba2a5fbf4c	602
7b815ae7fb	569
127ef4105f	476
5ef096aeac	598
b1e590d1c9	774
3c6fe4b7ba	452
fbf380831b	468
1f7e3eef06	637
ee5c6d6639	872
e2421eee13	483
10b19bd1f8	353
23cdfc53fe	541
34f61e9a54	648
52ae147d60	245
cb36193e2f	648
8c916f9cb5	691
3ec30a713c	831
489a8fd021	510
92d116836e	193
05a61e5799	167
4d03329aa4	108
9fbd3ca3b5	295
13adf02399	674
082d2910a8	556
ec10996820	363
13fb17bf13	449
5f3b26ac68	775
9718102ef6	209
a2a012f128	157
0f3118527c	669
6c5b8b3950	584
b70f0ab0c2	514
e639615636	743
e10a1a3e81	126
90704ffe69	590
0f5ada4dc3	700
107f1047c1	707
fff987cdb3	332
7a817b12b4	389
766784f810	403
04f7a73f2b	548
9a48617407	74
05c7033694	502
9ca84742ef	537
a2bce9d94a	346
5970137a1e	540
f5a92d1356	346
a1526d3c6e	200
d3034e7a60	300
db0bc63d60	639
6bc4c91c27	655
776d123d8d	180
7ec58d0743	634
157b2aa3e0	317
f37556e4da	720
d0bbe4fd97	847
eb4fa16734	795
5fe4e3f5e6	616
98870eab9e	390
f342603c76	754
4776354474	257
d0cba16846	559
3662fffe30	829
ede9c03a6f	796
14152a6731	695
7d87ab4aa8	580
abe74273c8	512
62715133c5	509
3187bf5c2d	595
930cbb8ccb	529
c0fe58323e	204
dbcfdf17a3	328
4079c73376	237
ec5afeae66	588
a71bdf1af7	388
df5df272fb	73
cef624f327	177
4fd99d2b52	402
7769e240f0	211
ce14d335bf	309
ff24769ea3	419
4c4556fff0	695
ef13247eed	718
0ab5e14937	830
18f3626b0f	430
9f0c9f3b90	645
9e8e175c01	217
05139ad3e5	734
e8b730fe92	343
dd6a04d456	446
eb91416afe	397
5ad7172ca7	351
964be849b0	446
2d4e7a937b	778
b393a57640	383
a92f49d2d9	273
18b26e968c	591
8023f35b58	199
3406ef6042	491
bdb9ba462f	382
c9142b341c	273
570d1da727	740
a3ff13b1e1	557
5a6cd229a9	807
7576a8a091	454
7ebd3f0cdd	101
a0f050600e	394
dd580d1681	765
bb8c452bb6	443
a7cfa30d35	843
9bdfa54912	279
c82dabf9b1	756
ab18a0a7fa	547
2bd913a165	240
c4a681819d	714
804fcfaf4b	338
0a7e067255	477
cf7abfc8bb	487
83967f4314	829
7812fc8116	451
8b44342fd9	948
9667824566	557
7bfd026d91	585
1d93614392	635
3a3e1e824d	731
d70a2f1f23	270
0532916483	307
989ac5a9de	362
66c603a013	606
ad16edc8be	509
7c61d788af	569
d26e890704	530
d16591547d	578
8e9f2b9b61	333
b74ecdfe20	377
f0b5a05a6e	356
84bd944c62	242
525be73de5	197
230b98e713	766
c42abd17f3	448
90946392e6	422
2af008d773	560
811ebdcc4b	678
43a9c21cea	588
bd526ca9af	797
b9bb1b7b3f	723
d9044ee3c6	843
ee5e9e4570	302
e437c3912d	523
a4ae0c0e35	442
6460ce2df7	746
543acdb5f7	594
180d2ec2cc	578
25845ace3d	235
1a4278325d	501
4a11c0f4ad	530
d68c08baec	241
c0b6fafc47	732
c79d52ffc3	259
5fa536d1fd	470
cb974e60ca	481
6074c5b0bf	445
5d07e84138	489
296a04bc06	423
96f8fd0d4b	228
36a6901cae	577
ebff5f719e	667
8c4ac14f53	524
70b6a2347f	835
2f8e4f82fd	330
d3c9529867	773
aff8ae9d4d	110
2ee6e81e4b	472
4210e9e5d3	504
3a310860a3	821
e360f895de	594
7053b28de2	92
19b7d2e2bf	782
c4b05c2eaa	498
5ec6db5c9d	912
22a889c9fc	577
db0238e5c7	288
4e41f7a5df	329
16207869ba	359
4ff5c5ef47	576
cab2f6614c	635
f959f79b64	536
33f32ff406	288
c47c5ea1c3	709
fa9b3f2aa9	832
ceeaafc4fc	305
1544a0e952	425
1a28f06897	460
ae2ef70d51	818
62f822b156	662
380dea2a5a	369
e0cfbbcb0c	733
30e4d22141	711
a98d950667	563
4d4adc5623	690
2874150952	886
d752eaa82a	213
c98dfd50ba	558
2a070f3dc6	716
6c557220d3	494
851a37ac37	406
78299d7a47	885
923249032c	466
38673ade97	478
f2f0278d02	737
624bd59549	474
51179a1815	377
90b14e3f04	391
e9f4d6f927	419
4f6328bf93	637
0249c49180	402
edf47afe46	325
c70619fb09	927
82e88d973f	428
f950879320	651
370763b8a9	581
0ad0876244	468
07cbc65347	495
67db09fda5	426
b9fcc34ef3	567
d453812357	483
132e30cffd	790
6a1fd3c67e	640
8693030eb3	618
45a2a01008	801
8116fa64d4	399
fdc28cafdc	338
62a0ee9480	588
ce0e9def63	710
20a0f53112	139
b3f6affa39	309
be90ab3e56	407
cde14bb8d2	593
86abf1c96d	626
c9da9c3d42	591
19d821e8e4	177
f2d668f7e7	262
b637a7621a	179
56a4e5c1e5	274
923473085f	707
c10ff1398a	686
88a5c49514	948
51423622fd	416
bc811e2c1f	763
9bf022776e	732
fc13dabcbb	585
9ae45b19d3	687
530f759c6f	608
62aad7556c	926
97e78a5448	694
10f3d01ddb	449
52667992f8	378
f841c6dee7	203
edf1e6ac00	460
6682af0131	826
4541761ba4	614
3ce41108fe	360
ca82310ee1	500
f7ff576dc4	542
4d2ede6b7a	665
c1c54ad4ba	850
8c1d0929a2	77
3975043a11	730
a5d2da8488	108
022b1b01be	64
ea7425da00	656
9fabca6b17	205
e204511fd2	167
5448c46aac	288
631dacfc0f	566
3371d166f0	271
a5005ea567	315
90720e8172	742
39cd06da7d	531
b40844d201	259
7b0c7e28f0	833
6a89c7a85d	663
858f01d368	698
6a6b42a6f2	837
6b377327b1	399
939232310f	911
6b996daecc	632
3276e900a7	420
2821f70a5a	320
7d9f0dacd0	641
62966dffd3	817
2b30313d2c	461
86f2fd7025	509
a826a7a9a4	306
98b1f3fb9c	562
5f8b4540fd	199
a3bea8f266	507
6a7506aa1e	378
84eb2c400b	294
25bbbcd4a4	826
8c99d8c85f	551
4986fb6755	192
1a1b0c1549	464
fa2ebd1083	289
60d3607be2	426
30e5cfec08	624
2c3c64402e	804
1986fcadda	592
576fd5de16	191
61cfb43abf	412
e9909298a9	708
590e6bdbef	660
769d51b80b	96
46bec86213	455
1724889841	424
64e050f295	690
343b0359b5	845
178bd2185d	643
465463b009	771
f42a7e65f2	589
2b77f82b42	469
d3c3988e54	315
bfbb9b9149	802
65408225fc	688
0b7b00ebfd	327
6bffabbd91	715
5ee2d40bbb	385
7de95e0115	367
4ef0559016	700
49336bb17b	385
73c6a1ede1	441
b1ac5ed0b3	99
a3079aded1	489
0fb7b2772a	942
92e617896e	374
31b003483c	612
73f58ba609	220
6ee755c67d	341
c2973c16f1	869
2fd6d25adb	129
3b5e9c6e05	441
ebcd41b5f1	502
74ab2a9b1a	240
c1431cfade	480
b6604d4bd6	506
c673bebe29	556
ba705c8398	690
a0b1d96545	622
8b11113861	380
182bfc6862	363
499560e566	512
3d0acb5c90	393
9128b824e5	155
0eacc93ff3	394
3ff3881428	100
cafb1294ae	304
178d777950	599
d2e44953e6	478
7361f4e5bc	448
5489419bef	806
8bf499cb0c	605
2e035505d6	436
ccc41663c6	713
f20521b7f5	521
4f105993c5	493
fc87224914	245
5f51a19f9e	759
a60daba969	725
f712d8b870	279
48d34846d7	516
041925f04c	580
5b217529e7	446
51870e8500	159
0df53ae04c	373
31ca053bec	355
66eeb09788	266
eb23ddad08	583
bf294b9661	533
ddcb457a07	681
3ee4de57f8	182
45fb16d378	678
8ef76ed16e	741
5fd8ed2395	482
438b4cc6e3	328
15d76f1672	494
c6648ea2ca	811
3eabf280ed	800
b3b37c152d	351
268baf2d43	262
ad3c6dd8d4	689
3da729cae9	707
68bad6a787	128
82f186d2ac	132
65d05b81c6	325
2e7921981a	438
3dae882971	706
42b9ff31aa	504
23b7bf14c5	548
423ae1a09c	199
d268ae57b5	434
38ed2aa7cb	597
b33d57c4be	785
ef406bff03	719
fefe01ac32	251
d7a53f942a	456
b28aeb78e0	416
ac931ace49	141
527c3abd5f	408
3be0c0be8e	797
6e72c79c29	414
2c707479f9	533
69ee613976	515
2b55bdbda1	361
3507f73405	498
bbf6b192be	527
01b5362cce	477
a4d621da2d	542
8f1fbec1e6	708
4ca8350f11	144
5f397e0074	798
b8dea42e1a	659
cced2adf43	459
365abbdf77	651
40ccdfe09d	227
ea2f1fa62f	532
185172060e	699
7268aedee7	638
cfb8e5c36e	631
b8b3f26ad4	122
3577258d6b	304
65cb9cbc05	619
5800248c17	761
a72f220de9	470
5ffd928d1e	389
578aefa47e	835
b80db32c01	704
ba1287cb48	566
d7f7a9f48a	511
ec3130dd0b	622
834861f1b6	461
69cddf572c	503
4a5595076f	531
9fac28f3df	564
8367b54eac	615
a14d2ea3b1	155
c7a92a6707	578
d800abe6a4	709
10e1c8e23a	142
f1080b61e2	810
27ec51c877	633
026f97575b	152
a2530b4c45	113
217a70a0cb	377
ed6f9dfa22	659
ea5dd02892	755
5a3c38104c	876
9511856b03	427
6313ab72dc	369
fadd701a33	144
7ed0489985	441
589e94265a	667
0d9adabb2c	665
d25a2d736a	517
96f26f6397	626
b7b83447c4	87
d3b6c08868	206
20349d0a12	367
edd5fc6648	287
a959b2372a	662
eab589e1f2	63
7a0f1e9b45	687
aeba5383e4	352
ffce5bbb9a	457
3f8634704b	634
ba1ae7a6c7	258
d61250af0c	857
e12cd094a6	758
46673b0e2d	395
6e86fed535	530
efe3043924	250
1d2382ac3f	254
088a402727	255
af171a3570	356
cb9d520cf9	589
c9a1fd48f6	738
518ee8cf52	545
c230cf2a94	556
2596227117	430
4ee4b3485e	502
b33e244157	142
44f2ea3584	228
1abe5e8a3d	746
bcf322c1c0	788
c6612326fa	308
1aef65e24b	191
3ce657b8f7	207
efe3e72587	695
4f349b5ab8	148
3bf70b71cd	537
9790f7880b	544
d99612d949	494
4b9862566c	271
e6caf5eb81	277
7242ab00b6	601
2717821409	609
25fb3a895a	468
27a240a570	135
b42ffc97d4	419
1a0996a817	487
d0aeb260e8	832
33159fbb9b	620
6d1afa9d46	569
0a18b314fc	230
5c51c23a7b	276
bd2a0b256c	346
7f1d5f223c	596
8d4ba8fd28	540
459396b418	270
930dcd571a	487
9c6f8e4676	673
d9d06aa699	745
6d593a19d1	436
4b0c5aad63	831
7555f79a2c	223
572f0b1ad8	639
dccf379405	643
ce9c3510a8	407
3f76f25042	707
23bbdfd154	509
6b2f79f6ff	539
4085f8522d	572
2b76b47947	490
365bdf0ae1	790
b014624db2	610
6040cbf086	367
41895b0f40	431
ed2b73840d	359
0589f557d7	523
9b4aa94aed	676
6ef46555e2	385
5948185d4d	515
d308ec69d3	736
2bf5343f03	545
9358b1fa7a	439
98c6496076	432
a1b5786252	451
1037da2ff7	539
855f399924	454
bc3156b1e4	67
9e426ec524	766
a5805697c1	340
407bd44d31	712
37ba215c62	458
ad49962b22	215
b77cc54800	696
46b424e067	555
1d93cf8169	769
4ed2467e7c	684
9d462381b0	927
4d6121dae0	263
feb90d8376	397
b8a9602e21	527
b45f9383e9	198
61bd2ee822	777
115ee54da8	609
ea1270a8b2	396
4743e3bf8d	484
8e48de3b3b	458
fd257af5d2	424
9cf8fe7f96	608
a2a9c0c00a	796
62e72fe39a	154
59dabe134f	542
84b5568c2a	557
3d99801810	548
ebe64e1d15	807
cc70a60681	505
641ef8ba11	624
99405de5c5	449
393f2db0b0	359
cd6ed7690d	281
299ef808f6	119
4b72e35b8b	235
fb58510ec6	754
51846d4c96	579
5423d6049c	721
83645a3b6f	452
6558dcde17	722
44edd661a0	481
6ab003835b	659
246d86ba32	488
d49a9c4664	723
c0cbdabcc3	696
abcc448c24	734
1b2c817dd0	819
7ec803b58a	590
154948ae6d	241
ec212b3d2d	342
302ea1ac81	470
a9fd8e2a06	138
7b2032d7d1	106
d1665744c3	202
bce104494c	870
d67dd7da95	793
9b5bed5c6f	113
ba836c5ae1	744
2bca4fe522	709
5b7c160d0d	400
d0e8c9833f	686
a826e5e6e5	781
5b8dc086ff	593
b9afd7b728	658
dde0ee264b	580
f9d03271d6	585
7e68df3981	792
8a4671cb47	568
690b1ce5f7	720
2edf2e3e05	439
0243477802	261
29b25b5f03	373
30491b379f	796
dce6361f2a	415
f139be21a4	715
f8921580bb	543
40a571cf0f	445
36db23ceb8	787
d369e6b550	434
e2f397d206	262
a3605816c1	628
0898e36ee6	866
a531b78648	775
917ef84e64	949
ea2d80c951	349
b2c6b8cf57	477
d14ad5cb55	661
32599d97bb	501
494daad56b	774
d82b80a555	617
740d34befe	602
39f101a807	676
3e87545802	754
05b69f83bf	88
83be4b6836	849
e39ded223d	353
7738fbabca	785
ca58996278	828
7187f4c02c	207
9b1f59b89c	380
0c0f001366	390
423800be38	687
a35792b156	276
4b019a8354	617
1d2c8152bd	686
97b058f254	296
c1ed7e8344	803
55f1ea73b3	626
62a8f89a19	547
badb3ea766	773
7aef9898fa	535
9ad32f3c66	481
18fc51d517	669
d45b4f3b85	531
6c6c1cbae9	241
ea2fe8434f	426
1621c14879	585
af296d1c0a	678
8f07ef8585	463
f0228a88de	701
010ee525b6	130
91bfe61493	475
ed761ad8ef	806
5fe333fd26	764
853e89d0d3	629
956c91fe94	679
877f9dd0a7	262
071d5aa17f	360
2fc6fb555f	733
6ac91c75fc	483
6272ae54bc	386
92cc29d923	287
ea1332b03d	302
0841984941	718
c58124fdc4	390
2d7a83381c	100
91a0ac314c	550
bb1743a571	245
5d0a9c5b0e	482
557feaaf65	432
1f8bf8c5d0	652
c42d63b0e6	430
9ce55dc2c9	786
483b35d589	691
57904adf94	583
d71e91efc0	453
dcb1eee6e3	196
27d0d9af30	430
ae96972c1a	262
f7e8060b57	724
aac747667e	722
99c726d528	551
5d752d6d4a	235
c5493cc7b0	654
93d21b7636	317
86c1109730	782
25edb9edb3	422
4b15912a41	649
296de39be2	186
1075fa3200	578
5468ed796d	414
c59e5f46c0	242
760ca73d1f	497
a1dae195e7	435
abed119094	578
762c7d7084	685
ced8d25446	581
72544ea5b6	360
d2ea97ca4e	522
216e2a7492	429
56b5540fd7	695
217eeca27e	493
e0f030eb66	407
3e3431be2f	607
cf706fb35a	682
85670a7093	779
ad1e8ef844	586
106e4043ba	760
56810440c4	708
8c9b19f267	107
90b1a59d1b	710
4e6855dbae	500
a266a2a9df	794
5d4dcb9d8b	143
d353a74b66	466
cb68c2431a	713
4c89e94e36	629
b60fbb288b	373
ec5db065d9	512
4e961dd0ed	811
ff038e87b1	428
9dc604318f	702
c06ce71f9a	128
2775c5f447	768
052de39787	649
9a478d8cf2	290
7977cbab6f	224
488f5f133e	397
b2fbaf80d5	115
76e1428103	400
8f5af7f42a	454
de261976e6	652
d859ee2145	691
58d177c0d0	349
7074e402ca	384
ec542d0719	83
8b5757d8ee	648
6419fd454b	378
9898ce93d6	410
ecdd648857	574
cd6140444f	267
d84e52cb6e	107
213e0a9f7b	272
0b45bde756	92
97a10a3ba0	388
126f253739	725
916aff36ae	946
fd1be18f7d	460
a701844e9a	480
8fd4178b11	753
571e63d0bc	785
7af84fef71	496
980570ed7e	498
1bfe4907c1	194
a8ef242dfd	568
b0d8f26ad8	762
6c40978ddf	393
1ca865b041	791
7c9c01ebe8	796
da082ec985	487
356fa48ac4	550
e5df7166bc	533
0b9981aba1	59
836eedd4a7	504
5c0cde01b7	727
12e859e91d	545
6f0c88962b	854
4c36178b41	72
5e98f349f3	317
f503aaf699	650
2d5f4b0213	598
3e84576386	349
c313a1ad7d	754
c72b546073	247
a54d582262	670
725d92524a	678
f122ead5f2	513
f8e67987c6	335
a7bc02b7d4	487
b94a5b0bda	151
c26d515fdb	174
b83bc9dfa7	850
e8e8b96a84	782
9bf8a38b92	632
d61e5c8296	795
843f9892ef	408
76ba896225	556
992572448c	262
3072ae3119	780
c37f7c51e9	586
ec61b48efb	771
f0e7e06354	215
89af21b6ee	513
903180c447	759
939879034e	620
20658e781f	594
74fa9386ae	238
f0ec542987	148
db5bf853fc	569
fdd73141d6	539
51ede1c702	400
cbe33c57c4	579
ca393f0eaf	561
7d52a376a7	444
739a9ab34a	435
5aee63c515	611
c0aa0c7b66	837
1ab49f29e9	915
accb644c9e	440
1f1e11aee4	354
f64190c47e	670
25bd98aec3	447
a49edf33ae	177
5f1aa014c5	222
37251064bd	194
6fc88fcbed	483
1925c11fce	149
45f292bb41	491
1379940546	511
ab5fe4fea8	846
7df36788a9	138
cfe4dd9f7e	804
ab82b9e44e	583
9722dedee7	532
3fd616ef00	472
f30e47cb36	368
f7380099f6	796
299ba3cf34	715
77c695369e	457
a554d2d4a3	481
2fb152d905	499
976eb05465	692
d73e3ccdec	489
12bf4f2d3b	728
dd87f1a21f	702
a65aa82e0a	504
87c6bf0012	685
116bd22fd0	678
a87eb66a65	794
cdc7d77e77	731
69098163e1	432
6b4d65ac6a	770
e3e92cc747	529
fc944f4e1f	570
e030bdae65	630
31250cef62	656
e0bde1cf11	184
55111519ec	823
d3f3db7bd1	258
c45c9617bf	764
17bb0d4b3e	816
40d01e18a0	280
6caec01e67	379
0cf9c803b8	688
c95d3f1510	610
ad6e3961d4	519
63feb8de2b	751
fe37eddf8e	203
dd5a90cf89	226
9f97b2925e	669
f5a0acc480	352
7ab70da99b	127
6576184a08	370
f70f3b7b95	202
7a696bb878	391
f083e6692d	419
5cf1f1e7f0	282
54842b574a	685
9f0ebbd210	492
878566ab56	129
2010b17cf6	565
0497f2d447	482
633c7d5c80	249
65e2650a80	528
3358462c1b	542
5b28c5ba50	610
aa1d903842	781
91bb8b5dbb	608
9f459445b6	359
618f843c7a	617
253eb71c3d	654
eac822921e	180
70c92bc80f	432
3d4bc58424	674
8bc707feee	520
d8aebd0f86	822
114397189f	556
47729d4ee5	456
32f1039c61	845
a536f382ec	152
c701db91e2	359
d567ba2b49	803
1fba03699e	183
c576ef893a	298
9a3abd0ba6	743
fe4f6ff284	857
1d4e60eafa	471
9f2e5a8c24	753
aa94cfb806	754
eaefc56247	455
7af5b00299	590
573f9f58c4	120
9466e21e0d	640
6a6ebb2255	649
62d30854d7	427
d4033ae7f2	604
4b44c94892	771
be6cf5cf86	587
9aa65d393a	155
cc876896b5	157
ed081aa065	687
a66c03c236	456
753371cca5	608
8a02b4a1b7	630
857f570585	259
1abf3d7f60	649
a8aeef5395	291
a667ba911e	198
cff87534c4	571
cae4ec68c0	630
467469da7b	683
1277f1a611	277
444dcc147b	246
5e3c2aa2bb	307
495e5d8dc0	553
a5375b180b	671
51be9fc3d5	81
d0319f0ec5	380
95a60e2f42	558
43a1dbb062	706
1b8d100712	528
740070f15a	402
00950d1627	922
99aefa9443	516
f7d4d6fb0d	112
893bd55371	746
28553d5d42	313
b85046c5c1	89
2b723b8474	153
f0d15c63c5	151
73a3712fcd	570
45f31c81d4	659
5bbcd70d2f	724
f06ef6c8b7	320
9694a662dc	758
881407fa84	474
b93d143e4b	176
ed24549a3f	453
32062fff08	367
8c1db0fc39	819
466548defe	322
0ce329b5f9	398
25db231ea0	581
776bdf9043	644
eb5e2a6b3a	589
c256f6e713	634
4f02bab289	335
d5afcea9a2	461
5990041346	493
2101c21f75	513
9a4f625408	825
e0d98e6fde	525
184356736e	592
c3a963f5e3	652
399694c381	441
737e6513c8	127
6348c487a4	303
81491224d7	497
eb958a5cc8	615
000e218f21	841
368f635c4c	698
d7398cfded	406
32887c2719	374
92107f9559	399
9bd58061d6	614
d765e53b37	844
288c4c1941	371
e8d8b35601	637
c26ff00bfd	849
8c9a0ea088	541
384d50db49	656
5a7a933a05	268
3685aa0e78	418
1f0b16aa13	364
346358e652	649
cb6c6c15ce	346
ba6970504c	535
cc97e87765	671
f8ba90c991	88
42d64f2d78	631
0d8ed16206	93
fb81781b44	727
3f8a8f4715	456
8a55cca47a	645
3ed6d1c7df	633
abfed46705	695
822043d604	748
b6e57d954e	227
cd6320c6eb	163
8adaa82868	539
e8cf12563d	608
a913c2fc19	420
7a095f0b21	315
504c4a71d2	576
ca511bc319	600
c593c662f1	677
dfc8a378b7	820
b6bbd06618	536
e1c6994595	954
be2dd1db16	206
8b01d00cb0	942
42c563d895	505
4285c2ffe8	158
c387a012fc	478
d30e73de0c	365
4618b50b42	685
ec649a86b2	484
30bb4cd749	544
b354751edd	706
9819277faa	307
c23d957c59	483
aabb4516d1	561
0c089f7c1b	410
754cfc4b80	943
92c91d1494	798
a7f4b8d36e	611
e73532b450	703
07fef26d18	614
86866ba71d	230
94551e800f	787
7e78a47cee	378
d606f4a578	268
9539d280a6	570
cd69ee839f	444
bd7b74689d	271
58ad72a266	245
4a7418a5e6	829
645abba5ec	284
a708e52d7c	832
99bc5efa33	195
335474f8ec	610
884400b2e8	561
9eaf536a63	828
6d8a8e2e6d	554
a5471f53d8	659
6f19d11809	737
231fc4e8e5	524
520fdf987c	364
c307912941	306
1c9fa3dff4	691
d916ac7864	243
f3fd020f27	703
b2f87059da	420
49fe2ee7ba	546
0aea45ba8f	484
54a3636ba6	704
35b34a9da1	785
2a71003f75	436
a3ad1422f5	387
a90545f377	574
7cf386709a	713
ad93d35798	294
071c81c9ad	429
09541ce79b	593
37aa9fc79a	391
1a5c093750	716
89340d64ab	312
e2a70ffdf6	891
932529c83d	301
b852505678	256
cb2acfd639	749
190ea39ec4	783
cb7cd324a5	476
75eaea4cdb	347
7ec839af45	81
87725b728a	444
e3e1afe993	500
b342a4959d	573
b7ec14f5e4	546
c39f317ad0	443
31b7874f49	397
19843b4e95	763
93a8901635	431
8811181716	301
40dcff68b3	707
28e3c1128c	678
875dda3975	727
0c62ed4494	647
df811b26b6	455
4e89a919ed	500
4575e490e4	691
d390b1cbef	655
6a1fe1a81e	836
f1e4acdd7b	304
8555cb627a	473
5ebe9e404d	685
7c6221dbb8	226
d629a56d3c	482
bf71bff284	711
bf05a52a6b	392
7796858a9b	442
3a33e1eb89	640
3794cd4d73	456
14bba6af57	628
61eb86f1ad	720
ad76d4cd21	282
02117a400e	696
5991bd3f1b	688
1e5e713964	567
be7014887d	715
fc4c223773	445
f85a85710a	634
2b1e71c2a3	684
1169f5b1fb	383
a48b9989ac	176
428a877104	919
8a29fd2ebe	336
d31c506913	639
930a21d485	879
3391f0befc	723
fd51e63c83	766
440534c8dd	184
5bb976391e	288
9a672bfb51	642
33dfe8b243	588
4f30a97219	120
94c94ee7b6	650
91823ecb1f	758
0d19f89dc9	475
f507d4f122	459
b525824dfc	628
f9fc7746fb	150
d967181724	581
6092afaec7	353
f9ef613aec	836
bfd1d7caa1	592
37e16a5404	539
a21ae8cb6b	798
b9fb7882a0	248
fa59461848	615
285b9ba056	316
f429b8e6f8	266
a93c251217	229
9cb42834b3	359
8e93b66386	185
d90473fc86	487
f992390442	651
3d339265c4	309
56d6d999b8	597
1d80de2ec9	277
0050766ae2	835
a7b918d80e	290
72ef4718f3	151
70c082d59e	248
8c88cf3d22	153
a6a3383416	537
d21012f5c1	595
9d12bb050d	443
62de954435	456
e2dd6ebd6b	247
30d4fb116b	719
96d917e53d	528
fd949b5ab7	503
bb1e7f303f	715
60bbd166a4	552
fbf73cb975	440
0926b7396b	673
0461a2fb30	562
b966734278	501
1d798aa5d5	401
eec3f628d6	860
977f897477	530
f0ea2421f0	122
8db5bf9be2	437
55e9012561	746
6c8ad32f36	551
90194208b9	287
c920246511	725
f121c06f1f	93
8b0d16466b	625
be1c8cbf1f	621
c33e3a20a4	668
52e7de7430	367
790f497dc8	845
9efedb3b86	701
63e32c0cfb	339
78f17697f2	607
66cd349922	607
362cec7849	689
93a1541218	294
88a4200cec	728
852873eb7b	156
90990cd2ba	492
e89272a29b	488
1c8f6881ac	288
0aab0afa9c	331
5aca18a605	264
a1fe3de7bb	355
b552fb0d9d	199
4985566e7d	105
fa08ffa6fb	468
71f6fcb48a	848
fff2abcaf9	83
1ee82dabee	514
da02c9184d	810
23e5717c0f	481
d433300064	842
023d486fba	835
24f27c4087	821
7709ec3c5d	408
d73189228f	622
d17f801011	846
31683f8a18	747
d4acb30303	444
8ca267be2b	242
ea1a6e1b33	666
809cb34e8d	615
1463aee5b3	482
e6a78e36b5	441
029c321179	675
dd11ae96e3	753
6d9be2f492	727
9b80cf8992	586
a3e0a0c779	55
8138c79081	676
34e51dba6a	727
56ab4fae30	630
1a2918c9b4	372
3ad9500e43	441
669cb42011	559
2bfa664017	288
0b73b427d1	475
ac5f676fa3	637
f288e998f5	835
6752a6815f	135
9bf8f84094	506
90d2cdb32d	266
e23a93a95e	505
49a90688bf	263
8c477d6abf	558
a4e5b9902b	345
cd292b7c8d	766
881bfee759	821
6f79e6d54b	58
33ba7dd9a1	237
fc1ca2fbc8	260
c68ee0308f	728
26000ba320	145
ae11c7b131	724
dc4bf302e8	273
92a6b22052	811
f8b721f632	699
eb3a40225e	738
74d1d03fc3	115
500d909b87	702
2388b3eb40	685
204c4657d5	616
9dcb043fa9	558
d2e14828d5	72
b4e23ae450	441
eff595dbcc	688
9a91290888	919
b345b1f290	355
5e85356a28	809
5f8370ed60	570
ccd6841e90	484
7972b70832	767
ba67135a54	832
6957579961	640
44e3f20074	433
3bbf82fc28	406
2ffe02e882	555
a94450f57e	337
ec857f4518	430
8ee20f502e	76
fd0d237b01	824
46386ca4a3	695
b2d7897c35	107
66cd32da94	630
def16cd3d7	557
f1cdcb9883	663
d65973824b	736
f34ae8f3d4	576
bf72590547	481
0ebe3ee1ad	700
465f93cd9c	219
24bf79cd1e	453
db9bb00470	848
7fa6578978	670
0cc5805a92	353
211dca3b80	545
8b0d0b0633	720
3320eb35e4	459
cb2698f715	934
aff87f7ba7	478
4864559ba5	110
61df7e1f4d	457
c073b8930c	583
08c2070b20	504
6d2a5a2fe2	242
340fe814a3	652
6a3d92ce59	364
180f0a1854	320
ed7251fc01	125
cadfbf8011	546
b6520147bb	588
f30c36bf6b	324
f234066134	680
cc15d94784	76
9f7e064e9f	805
9458b40464	223
dca83468d2	320
b4e8386ff1	593
e6674212ce	474
602dc99f10	744
0fc5ad7e3b	959
eeca9d6a63	477
5a81181e41	512
9678fb935e	538
958a3dd464	426
258a5db63e	139
23c72b10cb	704
2ff32a1188	358
24a8ae9bb9	560
ca78405cea	403
a076699b79	410
638e7a825e	552
ade746d346	681
e1280ddc3c	588
cba568b15f	526
13f3daf89f	776
56f4bcc716	662
1f9dcb9a1f	609
f2e9faa785	512
93c7358e41	378
9befc65890	731
45a1f78171	522
c66a8f70e4	236
684555a30a	404
2424f4afc7	527
cef03959d8	221
086deb3ccb	598
973a4f6dad	712
ccdd1c542f	488
90bf0125af	582
71ef380e21	343
3a58606814	501
501c68e571	314
d58653f803	701
ddd3099877	557
9b29ca561d	349
47aba1e35c	530
5489a9e706	809
f839d20b06	325
c5caa57f2f	488
8cb6f8581b	188
a2b7af2907	214
f7c147ac61	568
c0565001a3	572
005b452274	657
8ce1df1a6a	679
1e2bad4d81	752
5c65a9775b	775
ef03d3e2fa	273
f65a52f375	217
a9ee40cf0d	438
cdf9422054	796
e82162c83c	884
48db3b8c5f	712
89562d9f7d	355
7faea04242	818
9b9c107a62	661
27c45fef01	683
7eb42fe5ec	389
0e16439e05	541
0a31d7553c	273
e0da89ce88	250
d514a30db3	751
25c415e373	121
e0b778dacd	548
1c6237ae58	419
e5a6b92463	444
fb17f161d1	245
5c8ce5869b	454
a988661613	744
fb44090bc7	842
6252a820da	479
9db11d4414	683
24b40af38f	491
a0ea88f6a5	281
52020f0fd4	367
fd4741392b	702
66891ec970	817
581e7f38d7	682
1c37e37fbf	337
d00d1ea52b	312
066e0ce4c3	490
df8d9625c0	342
2425501bf4	788
bb697642ae	621
db1eeaebb4	693
34d2af0f86	818
361d5e6834	687
e337021e6a	701
6edb010212	316
5c297b5dcd	633
e1ce826217	719
3f9df26c0c	886
c98504a8ab	484
8d141a0b7a	687
ebd623bfc6	102
0923f7bef9	954
f2ffcf3de5	281
e93ddc6ba7	155
84e540208f	537
7576015468	217
9daa6c133f	942
a7254b3aa6	820
27e12cbcea	735
ae6b6df24d	718
e4d2bf6036	669
bfb0e22b53	311
4fbda008c7	332
106a222c7c	375
68b6abcefc	416
89dc091930	640
7e92ab6fe8	524
67bc6ac1f4	769
1ebc029ba0	618
2bc179b78c	318
a1e3e1af04	486
558b11d1b8	435
e51e614146	734
91c003779c	314
0a19821a16	360
401b591c07	484
c4ed7cdb1c	540
4514d46495	699
174b478747	606
ad2113ea1c	54
af6fe9a9c8	540
d14db20055	743
1a67b08604	200
e92f67b3c7	301
cc6abe337d	187
9b3d4b0379	232
d2b77b255b	589
c8ce151a18	845
3c66e5ab54	556
31aaa04c63	872
c1503fb0ec	480
4433b159db	218
12e94a5a08	566
8320911258	290
b202b6b3d4	511
17dd87aefa	534
a9ebb78977	622
9a1fbef3e3	631
d2c800e9f5	339
fb3392fee0	261
397f00cf61	524
3c7e2d60a7	817
948d73d7c2	947
4e5d643b2f	354
4d33311a1e	887
321f21e02f	516
9fe707f837	719
b937f4558c	824
dfe230b677	483
a4e8ba21d1	461
336e1995cd	805
d9e45a7fab	554
38dfaadc68	301
c70153909b	867
26ec6ef9df	148
ca2e414e83	697
173dd2f369	384
5f48c8c123	452
cc216a861c	162
9a6cf411ff	574
41e173a1e5	560
003c477d7c	673
96216dae3b	166
41cfd4b320	461
056bfa0cc8	389
87af5ec058	907
4d58e8d8ff	251
367c6fb412	83
cddb50fb4b	575
705eb5d67a	222
f0dc7e30fc	428
3cd0ce6e18	132
a9df598e16	350
eb84dfdf18	699
016fc8031c	422
c66a9ea31d	555
93f7759d52	464
0f613bd191	241
e199174d64	633
f9d8f014c2	388
54dd4658d1	803
d1f7d2876b	561
a56ff4758a	665
6d4fca6a35	443
26382e2d1f	552
befdfcbe5b	655
535503063e	692
a4442fef48	483
b5850af687	475
09ee5831f4	235
641d0227e7	638
3b4be071a8	343
b911d46acb	237
e27400528c	498
47048ac10a	630
fe85864f8f	159
1cb4733828	522
a4fb7072d6	637
2b160a1291	655
b839f805f9	453
9a9ff1beca	147
baa743f4b4	438
02adf272e9	497
39400e0443	804
387b6956c4	355
3cf0203cfb	272
7c0447f939	318
6d9b6a2c4b	800
f2c869e655	84
5ce554e890	313
c824b8afaa	408
d56050d3ab	326
a91212b01e	477
be18a24c49	314
7d0b2f2046	489
a5299290bb	620
ef29bdffc6	733
c02071548b	252
f9629f4e29	386
755c1e849f	397
b329b390e4	800
10aa115164	657
de39c2b892	463
7fd5baaee8	690
46bbe12b2c	462
6e1444d88d	564
7524d9b7bf	485
6edba13f1b	675
30ff4f38cf	452
25dc959ebd	153
7df431274e	594
4c8132dc73	733
042c3d4e03	668
b3396387a6	407
00441f1cf2	330
93b51f6335	566
28ca5ff16f	278
be565e046b	801
2bd87e0587	363
533a731c99	453
0ddcd3fd1a	112
565f9c3fce	687
902d01b7dd	117
f3ee165cd0	510
230226a446	581
6e3bb2a882	644
ab6dfe07be	457
337b30caff	839
44381a3f55	73
4f5df40ab2	514
d8b2dc2e8a	659
26a76b910c	443
11a54f2eff	820
efec1f093e	306
40d96e8022	583
d5a283c553	397
dfd3138198	373
e26c381bd4	397
63bed65d65	485
418b7878a8	453
f5d1176e33	163
7cc53fe88b	452
71a7c521ef	348
c93d0ecd1d	844
911efbb175	231
0108518d1e	424
3bd3216e16	607
3525fcea1e	467
fea1ff8505	608
f76c6bc5d0	601
33820f50d8	401
657f2c34f7	465
d96af7c9cc	824
f8ca1f5c5a	598
ebacf0e713	515
730bddcc02	953
8a1aed2c83	396
d69556b746	505
17c6355815	543
3dbbc237c5	818
498d327724	244
5edb37f5a8	182
aa97ecda8e	384
4e7d4502bc	399
f9b7196dfc	432
c8bd99cbb0	448
96523f824a	752
7c99d1c1eb	292
3f5adbdcc7	625
03eed26d3e	183
96d1d6138a	230
10ecfda568	465
9347c39706	924
8343ad9ed8	563
04234be388	916
c4f5a0fa36	858
b8ee1d8dbd	181
6da01cc490	773
859f623d32	165
aa21ba676c	542
f28b483859	814
fc250f574c	684
efd1625f2a	737
e44dcaeb74	143
b9bf0422a6	112
03049b14ca	470
fb1b82dde6	599
f0190fc4b4	266
70db04a203	776
2f4fb95bb7	331
919bc0e2ba	352
ec50263c20	784
5f8f40ce31	223
2578042000	612
fb5adc8df0	553
e8757626a1	210
608574722a	330
954502fb12	314
a33fe0952a	876
7145f7e956	647
7a9610078a	905
71a5b1da57	339
cd1b2e49f4	265
a70b2204f0	650
ef753a06c7	614
3d781526c2	596
48b8dda801	297
75d0e44b1c	499
1c41821d13	499
7f2694ca3f	425
857e511397	714
57302cf4b6	783
6eeeda7f4a	477
9736389261	657
0bca43f7ff	747
465486e6ec	346
ce31ab9b97	206
df3a1c2d7b	528
11a14b9fcd	307
d27831fef2	657
280dcd0b2d	137
1623de321c	657
9dde6475f9	370
caccd6708f	747
fcf61d1883	71
35bbf1302b	596
87cf2c6542	670
53e17edd83	738
ec2664c4cf	833
e642037975	574
528cb6678c	329
25e4b6fd77	309
53dab98a36	574
53eb356632	781
d3f2336daf	378
67d3486ac8	171
164873b51f	162
03a9a9f615	582
f2d2fefde3	692
21e1d6e38d	547
d8bed49320	260
ef58213c9b	700
edc9fb3512	273
3a690dbd1b	354
c100d07aa9	262
0304e9ac37	436
fbd61072f4	100
c7408f1d38	548
681ee85a7b	439
f6e87c1458	128
7ede03dede	351
869f99406d	632
2da9564e53	757
66073ddce1	225
8b0478ed02	750
0473e496e2	478
f463f6b15b	697
9cbd5ddba4	218
0115703825	781
6af48dfcdd	322
a1585a58b8	706
b890b261a0	728
77415e7cda	141
c33df3d7ad	648
fd9db12ca0	813
58d62862fa	573
4608c638bd	140
34831dcd0c	553
6c49b277aa	809
e54c815e85	199
63d3cf63be	458
849881c690	701
9ba564058f	440
b57e98a275	497
cbbf379ef8	464
58135d5189	710
06c2c49688	420
6a57dfd211	635
e96a030ded	817
d6b87a521f	212
5b3b86341f	213
92895cb54f	500
ff2c353279	729
41e2137184	223
a239bfe21a	861
5fabfdc0b6	565
25f532d7cc	472
eead2fc101	432
2886e27fb6	588
fdc06fea10	872
fdabdc4399	810
c5327d784b	677
50b3aef4c4	116
59dfd4c7e5	694
d7e93ff9c2	348
9d354bc9e7	559
e2ba31c4a5	804
9086ac3a68	485
fa9ad1caeb	466
146ec37657	497
8fb68e99e8	312
6a0f5a8b42	569
d7196745e5	230
918548e472	229
429b289e07	562
a112a63d2d	688
20b11dcfb8	611
26281da345	527
f328eccbf3	514
7f0825a2f0	136
b76760a4a1	532
7f0bdb5e31	451
455c8febce	509
961b1310e9	837
b749a000ea	84
54cb8bdbe2	277
8f08f4e9f2	399
7c7125fd12	373
f6009f764c	811
ba4781de48	196
b5a47c646f	680
1a8c4fd6ea	707
c50ba562ef	315
6f5c2712b1	668
6940237693	777
cd249859fa	410
1ad819c49a	943
a970e82aac	492
483372b203	421
5b72ade49e	447
82a285227e	689
b6804bfa43	772
dd81358234	336
020678ec1b	174
130229ec15	530
74de17e9c0	569
dc05ed2596	479
dfa4d727b8	710
92a20ccbe2	351
f0e99e9761	550
3e1c11cfa8	613
f6576d4cbe	479
ea6f13458b	523
65a55b69b7	875
dca3f5ce34	749
fa752c35ca	300
c156fd6d44	888
d31e3fbfdc	166
0f19680b4d	540
e7442307b1	835
f78674d646	946
6ea5191e2a	591
a5ccb4f8d9	615
4ad2ddacfc	615
69013a70ab	473
6d46f994ac	676
9492db510d	181
e7c55756c7	769
775bc235d0	526
5dfa4cfa2d	590
8e84b940e3	521
d93d713c55	206
f57e741b5b	618
2af240d261	425
7845115d01	343
6a1783be17	392
e366f9d62b	290
e278cee272	765
400e66f34e	361
8e3228d793	658
608567ed23	325
e560423302	585
dc7c506beb	927
a27e64c2f7	514
94e7558e32	441
9ecc1f5457	517
24c102ca1f	292
500683ce7e	830
80694aa70f	476
90c62cd13b	648
1ac4fd8022	835
711c478c93	548
4e4cadf03f	703
7f5a72fa2c	613
870be46a42	336
a5d188bbd7	647
4696bb53e6	438
2fb6791298	159
aa1c0ba47b	477
f599fad413	372
3b5c0e9308	376
61321814ce	616
0f20f0242c	416
ceca04aa2a	445
49d061af38	838
203f6117be	563
28a9c6e5fe	940
eeef52be31	785
2bc8a3db3c	353
1e4a233a70	666
0b7459a0af	127
942d3bfbf3	736
c83d9529bd	822
628ea36ba6	680
324eb2ec65	542
3822f73c1c	551
7beceb5850	625
81c1149163	646
176ad39bc7	224
1a7f8bd454	662
2a49169951	511
285f4b2e82	824
7f30236ca4	424
bbb762835a	396
26527458de	587
f87365827d	827
104ce199d8	484
20894faad9	777
a9e940dccd	339
060cdfded5	165
b5b767492b	676
8457263314	671
1d0a131f99	540
ebdef67fa5	663
5bb48ef0ea	454
b67c735ff6	653
95bdc8b506	579
729c382e20	457
7f0e67d5ec	161
d9cf4a6e42	773
7205efa791	720
6fe4017680	539
cbad345488	446
0061281eea	549
fde2b51fb2	466
5691530ff4	615
06a361fc57	491
074673a5f1	347
d8fca64ebf	499
8f16b2685d	519
9146f2afd1	573
2a484baa26	669
8bb7245636	466
2a26fb616b	693
29df15c1ce	332
5f98029612	193
53485dc0d9	721
a8ebba8c1e	507
cb677fab7a	525
8f39d964c3	571
b71915a0fe	288
9ca11c3696	696
c8adc706f5	516
9c4c524983	423
9382a047a8	474
8ae916bb5c	404
76b4df03dd	564
e101b9a0ec	793
6ed0ef14db	763
d69c382be5	676
f62410bce9	512
a4a2921863	722
d30ad7d936	303
e6f86c83e2	584
5cada3d3f1	364
2fe186a2c6	533
475fafb8e2	258
b095375d19	179
76ae1014bd	294
3634f29aac	672
2b405e7016	693
f4feed1635	679
c27409a765	766
9267f6cf9c	341
8919be1266	519
dc710565e6	932
a783bd82c5	698
e05db130be	189
9258e48804	647
38e018ea0f	721
a15eff2958	782
b7c1e2a377	524
1dbc694c5d	532
5fd411e302	328
c613a090a4	596
46c1a0e9a3	88
ba045610d1	398
829ebfbb32	817
70d9a282d1	733
b28690f7ad	746
68b593f903	500
e667f4d290	298
25143d7837	452
6e409af2cb	230
b76b065012	690
37c95ff7df	673
a7fa6dd049	282
664e3eb07f	652
97970b5e2c	235
70a32506ab	118
ec817961a2	661
404b62a4d5	604
8ebceef687	321
fc6e9d0385	232
e7da2d7800	118
38063f77a8	833
f1774ff8e8	670
711e8ac5ba	224
ac6055e7ce	247
a10b932fb3	385
a31e485287	53
18590f686a	596
7c6f76a267	369
8f407b64ae	144
6ebb6826bd	475
1c687fea93	213
75b4a808b3	326
c137712b61	514
5103df3d79	672
76c76f8056	621
24522ec665	298
c5745e04ff	89
e0b6a1211f	193
1cb9549d2c	593
71f724c7ef	584
a5833d6cc4	216
dbb4b51e4a	262
77608c7770	512
944b46458e	165
23eb8cfbc0	799
a12d2c10a9	289
3fc4d6b6ed	671
af7e9d7648	555
341f6694f1	620
6c3a9009c8	759
8612ca9286	488
114daa1bed	541
29fd4ba626	671
68d00224e0	521
2d64b6a8cf	438
ce15cc1d1a	660
f21593cfa8	596
d4d2ed6bd2	330
4c43d99f68	184
1afddc8196	410
f625984494	308
44efef9c4f	833
e7c54b5f4e	541
7140b36ff6	396
ce3e6bba2e	793
a24080b4a0	316
a042e73fee	367
935cba59ad	699
44ac5b2526	464
8270908d6a	475
82c316179b	461
a9b7fa7e0d	595
a163126d96	617
e9d39cddd7	476
0c02f95a08	681
b833fdb882	314
1befe1ba44	420
4520536c03	402
7f2642a14a	770
e1921d9a0d	83
86f892ad2f	689
f7933b266c	202
f5c25276d2	503
dce4c70a99	615
6b0688f33f	444
ffe228a7e3	585
71c0fd5516	571
3e8b5729dc	462
72e1a1b225	327
66e922c8d6	730
e185ab5dc1	687
fa70e3da06	849
ebc46e6691	760
642c62a158	807
ff9d2e9ba7	321
77c071c12d	849
b240582de8	430
a07f9159e0	566
7469baeb8d	512
228f9cee2e	237
5b836d2444	810
7b078e7517	373
a52d7a6cd8	654
2fa4260cde	788
c32752c00f	378
da689f1bca	480
186d861771	578
bfa7ee102e	844
8d70a676cd	838
6d93c0a95e	554
7a0c8915be	716
c112748161	396
5e0d2e6c25	687
871be86f43	552
044106f759	615
2a16af2ae7	697
bcae7b57ec	291
60a0ca8d0e	581
b5448cb40a	676
226eeb7c67	707
1a2d060823	468
d19827b32b	518
f45dbe6541	436
680ce5b666	281
33dfce3a76	780
19fdb270d6	598
9260b4f758	227
fadd6aa446	283
db02a30bb8	348
38ec59117e	667
afd0b385f2	291
0fd38464c3	364
768d5f7ade	209
bc79fe1a3a	380
23a7afcb36	177
3734601c15	461
70c7bb7616	856
196cffdb4b	728
96049af037	128
ad2fa649f7	858
9ff59d834b	565
113b017a91	581
c89eda8701	838
fa25724a62	221
86a772adb1	388
18e2325a5b	211
563191e71a	575
8f1d6045fb	772
e41a05735d	611
e021227dbd	281
b11110b854	55
6e3c46c2d3	214
7f3e8a8526	843
82c340f4e5	474
8c38199b15	680
d8b1bbbfdf	531
36f332bd11	530
dfae9e48e8	783
99bf605daa	495
1af9e4bbd8	415
59092e355d	442
77acb619e7	563
28a1187a4e	595
44f5dd71ab	625
690514a3e4	133
c450f9d7f4	637
eeb18519bc	826
a35ba23a41	175
d6e2bb1586	389
b355ed119c	304
3404341cc6	813
13f448be07	647
b506085af9	146
12c92c9f70	620
48940ae0b0	608
57ff97666d	570
492383a53b	692
479cb24efb	343
0cc1d0e4c4	348
6d69267940	614
e446b0b4b6	659
1a288f27bf	149
e37b8208fa	509
c69962cd9d	193
dd9a94a797	102
4e51caa68e	398
e865014246	461
f19b7d20bb	451
15d079a8e8	459
6636021b35	310
276807c93b	291
1cc428e57e	559
f5b2861c9b	672
6c95018d5c	630
6c25735f24	111
38232d1fe3	399
fa56377e58	350
8824cdcbf0	394
ae6ea6e613	213
97e2c6b5c5	698
38178b0ded	499
912b573a9e	713
4336ac847e	838
3ced3ed63e	298
a7000441e9	881
f3220c3590	497
96998d1ad9	720
fd63516ff4	651
8ad8b9b163	104
cb4f7abe67	183
f6c49acac0	542
2a00ecc904	417
e69330b40a	368
3782748f51	753
7bf203a987	412
07e08eee37	333
e1cb177740	619
e476b868ef	677
6e3634da35	681
9031ddc924	404
b690abdc09	419
1268fbf8c2	495
9f4001d8ea	324
eac3fb300e	248
1b5c4051d4	468
128f3b0e36	621
7f0ee9c30a	791
4cfee4b097	560
1f73caa937	114
3792be0845	443
e73ed6e7f2	887
baac3469ae	491
d8f80479ac	169
23afbccfb5	338
0df9f16bc9	847
29b5ee6cf5	518
fbb8eba26d	743
e4be64c1fb	425
5ff89814f5	268
cb0d3e8399	112
1495558064	495
ea54256d21	566
8945b8916d	414
0642bbbc5f	150
abd1e3e008	478
1ff0aa7f05	585
cae1a9f23f	643
3281bb7282	637
c756ff4e1f	566
a59385755d	756
1f50bc7a9f	873
45180088a6	886
12d09b9fa4	444
d6987190ea	520
75ad49564c	402
dccd2d9d48	340
0951f85203	737
cc2da77c17	350
6a3f8feaea	789
0fea4b5049	382
5fc8bb94aa	187
5c616dea00	263
d2522cfc93	386
b2b0cd95a4	622
8c232a1cf8	735
3ca252f526	435
5df9874c5b	615
403cb8f4b3	661
2f746f8726	297
7c6a2df039	784
c61e0f2507	764
939c88a964	658
045c5516a2	515
0558ee87d3	796
b1f0e104f5	473
c4adb6e891	252
21df07989f	740
8650153427	481
d9d7716b7a	657
30082e87d9	630
27f923aac9	717
c67832ba86	676
0dcf4a11a6	194
9494906f54	553
5187e13789	649
7e138bf911	593
85e6b4cb1c	374
6545c6235b	95
b2899a1188	739
caa039b231	602
56974f6864	462
40b45f1871	748
ad297bfd03	261
5306b708be	558
6cc7ba6c56	888
5f248cf0d6	397
65ef110246	891
71d10659ad	554
99ee31b5bc	241
617c746fca	285
569f85c4ce	308
db32e0961b	605
eabed5b2b4	207
42a3baf571	277
5f45291a7a	694
fdff017e77	382
da84ed2423	135
ed66549524	574
50251a9572	837
a685e6f87e	565
29d8bf3a4c	834
94c8aad517	332
d059fcb2fd	481
c092a99d23	481
190febf6cd	586
04315b9a64	475
33b50159a7	762
0ce8a6ae62	308
8cbefc189e	383
36e68393b6	586
4d341171a4	348
fbf64b5ea0	809
a2da67afff	436
76ecdc5896	745
3b9586e2ff	361
6493c2cbab	230
eaeb630ff4	149
323882f716	144
7f99abfc11	761
dfe111dace	780
a141ed0c99	447
cfdc385955	348
999cb0ea3b	629
a41357f553	781
70e5bd9d27	709
d274664a41	795
697fee88c5	464
4f62a5bb14	500
325cde4fa9	834
4848a3a509	729
92d9025a37	888
bedb558d15	115
56ced19ad6	192
1b0d74b359	172
a19163fc11	248
0977568b54	195
e34c1220b1	946
b91a91adc5	414
1739b1634d	496
b9ebcbc115	460
bce4cdea7f	723
1664b6a6d5	214
a7f7a964f5	339
9ccf9ff1c3	781
3c3e74faf6	727
a8d50a4a97	547
74d7a9df8b	234
254efd9043	585
bb63bcb48a	319
74d574653f	823
f2f67e14a6	116
1c02222ef8	670
c74ef130f0	621
8f2087a1f5	772
b240778420	659
81fa3d59b8	857
5fa87fc4cd	397
e5c26c8634	230
65eca0ad70	470
8c8c2012e7	479
6b95bc6c5f	198
60dccbc52f	158
2ce9c36a98	613
3218afdc84	846
cd2046479c	302
56ac0f17be	531
4702cdd4f0	350
45a7562dbf	175
f4ed280779	873
966fb0cdbb	427
2f35ac4b87	689
b33b1f9db6	441
35fd991255	333
5395202313	705
d3fdfb9e8f	689
976fcded4d	377
4be0764138	324
fd423b9cbf	444
9a4b15919d	259
14da113475	618
dc534f1e28	63
4a39459597	373
0db1b4c199	883
638d8572e9	336
cf1ffe14e0	692
4b3502ca99	402
7deaf30c4a	365
5f43816c42	649
1414606ab4	542
1d2cd614be	190
ceef85bdc0	520
3f2865df45	242
b51eed936a	746
93a0cb5111	772
fb9b58527c	716
bfc47bbe13	351
395e668f22	949
9704b1ba61	720
ea9dfe6f60	590
f2c640742a	579
7a2cca4fe5	764
a659530342	609
651b2c01bc	496
aae8971d6e	231
a78e36d77b	525
aa36cc5b96	818
59ceec4f7c	600
b5bdff9392	919
416101e57a	408
e927f91b12	698
1439570aec	529
b97918ac08	900
aebff18bf9	433
6abe55deaf	322
3df62de11d	552
971c96134a	684
35499d9dd6	657
155bcd4b4d	712
8409fed45c	899
a12cbb17e5	247
fad11bf2fa	371
963189b39c	722
b964244dfd	335
6fe2b681e4	230
f75842e215	453
770af4e501	879
a8247ac73a	128
1fec8e839a	829
b183b2ddc4	347
f11f8eab00	603
bb9ad7c38d	122
bf76c8aff3	733
04182ced8e	146
0ae08cc1b2	532
236a5cc090	676
5326fad561	381
38438eab6c	428
289af097b0	284
565d2342f2	214
1a4ffa4415	263
be4db8ff8a	807
b097a1f9e0	700
4be85a3110	352
8063c65b57	520
a98ab1c549	610
